<?xml version="1.0" encoding="ISO-8859-1"?>
<eml:eml xmlns:eml="eml://ecoinformatics.org/eml-2.1.1" xmlns:dc="http://purl.org/dc/terms/" xmlns:xsi="http://www.w3.org/2001/XMLSchema-instance" xsi:schemaLocation="eml://ecoinformatics.org/eml-2.1.1 http://rs.gbif.org/schema/eml-gbif-profile/1.0.1/eml.xsd" packageId="4d292f82-6955-40a7-a5b1-40b9b80a3d8c" system="https://symbiota.org" scope="system" xml:lang="eng"><dataset><title xml:lang="eng">Bee Library general data extract</title><creator id="eee23760-e01a-4f79-97c3-cf9f4cb0876b"><organizationName>Bee Library</organizationName><electronicMailAddress>seltmann@ucsb.edu</electronicMailAddress><onlineUrl>https://library.big-bee.net/portal/index.php</onlineUrl></creator><metadataProvider><organizationName>Bee Library</organizationName><electronicMailAddress>seltmann@ucsb.edu</electronicMailAddress><onlineUrl>https://library.big-bee.net/portal/index.php</onlineUrl></metadataProvider><pubDate>2023-04-18</pubDate><language>eng</language><associatedParty><individualName><surName>Seltmann</surName><givenName>Katja</givenName></individualName><electronicMailAddress>seltmann@ucsb.edu</electronicMailAddress><role>datasetOriginator</role></associatedParty></dataset><additionalMetadata><metadata><symbiota id="eee23760-e01a-4f79-97c3-cf9f4cb0876b"><dateStamp>2023-04-18T15:37:25-07:00</dateStamp><citation identifier="c163b253-6447-44bf-8526-8892e3ffeafb">Bee Library - c163b253-6447-44bf-8526-8892e3ffeafb</citation><physical><characterEncoding>ISO-8859-1</characterEncoding><dataFormat><externallyDefinedFormat><formatName>Darwin Core Archive</formatName></externallyDefinedFormat></dataFormat></physical><collection identifier="3a77e8b7-e3c5-4528-9a6b-7e1e76469a81" id="1"><alternateIdentifier>https://library.big-bee.net/portal/collections/misc/collprofiles.php?collid=1</alternateIdentifier><parentCollectionIdentifier>ASU</parentCollectionIdentifier><collectionIdentifier>ASUHIC</collectionIdentifier><collectionName>ASU Hasbrouck Insect Collection - Bee Records</collectionName><resourceLogoUrl>https://serv.biokic.asu.edu/ecdysis/content/collicon/asu-asuhic.jpg</resourceLogoUrl><onlineUrl>https://biokic.asu.edu/collections/asuhic</onlineUrl><intellectualRights>http://creativecommons.org/publicdomain/zero/1.0/</intellectualRights><associatedParty><individualName><surName></surName></individualName><electronicMailAddress></electronicMailAddress></associatedParty><associatedParty><individualName><surName>Lee</surName><givenName>Sangmi</givenName></individualName><positionName>Collection Manager</positionName><electronicMailAddress>SLEE281@ASU.EDU</electronicMailAddress><userId>https://orcid.org/0000-0002-9636-8242</userId></associatedParty><associatedParty><individualName><surName>Franz</surName><givenName>Nico</givenName></individualName><positionName>Curator</positionName><electronicMailAddress>nico.franz@asu.edu</electronicMailAddress><userId>https://orcid.org/0000-0001-7089-7018</userId></associatedParty><abstract><para>&lt;p&gt;This is a snapshot of all bee (Apoidea: Anthophila) records from the ASUHIC collection available from the &lt;a href="https://serv.biokic.asu.edu/ecdysis/collections/misc/collprofiles.php?collid=1"&gt;ecdysis portal.&lt;/a&gt;&lt;/p&gt;</para></abstract></collection><collection identifier="85f4a7a3-1ab6-4d52-8061-a0e406048ba7" id="4"><alternateIdentifier>https://library.big-bee.net/portal/collections/misc/collprofiles.php?collid=4</alternateIdentifier><parentCollectionIdentifier>SDNHM</parentCollectionIdentifier><collectionIdentifier>SDMC</collectionIdentifier><collectionName>San Diego Natural History Museum Entomology Department</collectionName><resourceLogoUrl>https://scan-bugs.org/portal/content/collicon/sdnhm-sdnhm-ent.png</resourceLogoUrl><onlineUrl></onlineUrl><intellectualRights>http://creativecommons.org/publicdomain/zero/1.0/</intellectualRights><associatedParty><individualName><surName>Horsley</surName><givenName>Pamela</givenName></individualName><electronicMailAddress>phorsley@sdnhm.org</electronicMailAddress><positionName>Collection Manager</positionName><userId>https://orcid.org/0000-0003-3362-2255</userId></associatedParty><associatedParty><individualName><surName>Wall</surName><givenName>Michael</givenName></individualName><positionName>Curator</positionName><electronicMailAddress>mwall@sdnhm.org</electronicMailAddress><userId>https://orcid.org/0000-0002-3796-0895</userId></associatedParty><abstract><para>&lt;p&gt;&lt;span style="font-size: 10pt; font-family: Arial;" data-sheets-value="{" data-sheets-userformat="{"&gt;This collection is a snapshot of an external collection database where only the Bee (Apoidea:Anthophila) records are included.&lt;/span&gt;&lt;/p&gt;</para></abstract></collection><collection identifier="eb6b0b8b-ec21-488a-8e44-3459e3bdce53" id="6"><alternateIdentifier>https://library.big-bee.net/portal/collections/misc/collprofiles.php?collid=6</alternateIdentifier><parentCollectionIdentifier>UCSB</parentCollectionIdentifier><collectionIdentifier>IZC</collectionIdentifier><collectionName>University of California Santa Barbara Invertebrate Zoology Collection</collectionName><resourceLogoUrl>https://library.big-bee.net/portal/content/collicon/ucsbizc.png</resourceLogoUrl><onlineUrl></onlineUrl><intellectualRights>http://creativecommons.org/publicdomain/zero/1.0/</intellectualRights><associatedParty><individualName><surName>Seltmann</surName><givenName>Katja</givenName></individualName><electronicMailAddress>seltmann@ucsb.edu</electronicMailAddress><positionName>Director</positionName><userId>https://orcid.org/0000-0001-5354-6048</userId></associatedParty><abstract><para>&lt;p&gt;&lt;span style="font-size: 10pt; font-family: Arial;" data-sheets-value="{" data-sheets-userformat="{"&gt;&lt;span style="color: #3d3d3d; font-family: Geneva, sans-serif; font-size: 13px; background-color: #ffffff;"&gt;The UC Santa Barbara Invertebrate Zoology collection began in 2016 when Cheadle Center Director, Katja Seltmann started at UCSB. The majority of the specimens are recent (since 2016) but many from the 1950s are included in an entomology teaching collection that was at UCSB during this time. &lt;/span&gt;&lt;/span&gt;&lt;span style="color: #3d3d3d; font-family: Geneva, sans-serif; font-size: 13px; background-color: #ffffff;"&gt;In 1960, Dr. Adrian Wenner arrived at UCSB and added a small personal collection of families not represented in the collection. The collection continues to grow through voluntary donations of arthropods collected by students for class projects, accessions from the &lt;/span&gt;&lt;a style="color: #034d50; font-family: Geneva, sans-serif; font-size: 13px; background-color: #ffffff;" href="http://nrs.ucsb.edu/"&gt;UCSB Natural Reserve System&lt;/a&gt;&lt;span style="color: #3d3d3d; font-family: Geneva, sans-serif; font-size: 13px; background-color: #ffffff;"&gt;, and research projects at UCSB and the&amp;nbsp;&lt;/span&gt;&lt;a style="color: #034d50; font-family: Geneva, sans-serif; font-size: 13px; background-color: #ffffff;" href="https://ccber.ucsb.edu/ecosystem"&gt;Cheadle Center Ecological Restoration&lt;/a&gt;&lt;span style="color: #3d3d3d; font-family: Geneva, sans-serif; font-size: 13px; background-color: #ffffff;"&gt;. The majority of the specimens are insects from UC Santa Barbara and the surrounding area and the collection strength is in Hymenoptera. &lt;/span&gt;&lt;span style="font-family: Arial; font-size: 10pt;"&gt;This collection is a snapshot of an external collection database where only the Bee (Apoidea:Anthophila) records are included. All data and images in this collection are under CC0 1.0 (Public-domain) license.&lt;/span&gt;&lt;/p&gt;</para></abstract></collection><collection identifier="154c036b-9215-43d3-843c-d550432b5a78" id="7"><alternateIdentifier>https://library.big-bee.net/portal/collections/misc/collprofiles.php?collid=7</alternateIdentifier><parentCollectionIdentifier>MCZ</parentCollectionIdentifier><collectionIdentifier>ENT</collectionIdentifier><collectionName>Museum of Comparative Zoology, Harvard University</collectionName><resourceLogoUrl>http://scan-bugs.org/portal/images/collicons/fh.png</resourceLogoUrl><onlineUrl></onlineUrl><intellectualRights>http://creativecommons.org/licenses/by-nc-sa/4.0/</intellectualRights><additionalInfo>President and Fellows of Harvard College</additionalInfo><associatedParty><individualName><surName>Pierce</surName><givenName>Naomi</givenName></individualName><electronicMailAddress>npierce@oeb.harvard.edu</electronicMailAddress><userId>https://orcid.org/0000-0003-3366-1625</userId></associatedParty><associatedParty><individualName><surName>Maier</surName><givenName>Crystal</givenName></individualName><positionName>Collection Manager</positionName><electronicMailAddress>cmaier@fas.harvard.edu</electronicMailAddress><userId>https://orcid.org/0000-0001-6435-2775</userId></associatedParty><abstract><para>&lt;p&gt;&lt;span style="font-size: 10pt; font-family: Arial;" data-sheets-value="{" data-sheets-userformat="{"&gt;This collection is a snapshot of an external collection database where only the Bee (Apoidea:Anthophila) records are included.&lt;/span&gt;&lt;/p&gt;</para></abstract></collection><collection identifier="903ba65e-8420-4ffd-9dac-1215e88eb98b" id="8"><alternateIdentifier>https://library.big-bee.net/portal/collections/misc/collprofiles.php?collid=8</alternateIdentifier><parentCollectionIdentifier>KU</parentCollectionIdentifier><collectionIdentifier>SEMC</collectionIdentifier><collectionName>University of Kansas Natural History Museum Entomology Division</collectionName><resourceLogoUrl>http://scan-bugs.org/portal/images/collicons/ku.png</resourceLogoUrl><onlineUrl></onlineUrl><intellectualRights>http://creativecommons.org/publicdomain/zero/1.0/</intellectualRights><associatedParty><individualName><surName>Engel</surName><givenName>Michael</givenName></individualName><electronicMailAddress>msengel@ku.edu</electronicMailAddress></associatedParty><associatedParty><individualName><surName>Gonzalez-Betancourt</surName><givenName>Victor</givenName></individualName><electronicMailAddress>vhgonza@ku.edu</electronicMailAddress><userId>https://orcid.org/0000-0002-4146-1634</userId></associatedParty><abstract><para>&lt;p&gt;&lt;span style="font-size: 10pt; font-family: Arial;" data-sheets-value="{&amp;quot;1&amp;quot;:2,&amp;quot;2&amp;quot;:&amp;quot;This collection is a snapshot of an external collection database where only the Bee (Apoidea:Anthophila) records are included.&amp;quot;}" data-sheets-userformat="{&amp;quot;2&amp;quot;:513,&amp;quot;3&amp;quot;:{&amp;quot;1&amp;quot;:0},&amp;quot;12&amp;quot;:0}"&gt;This collection is a snapshot of an external collection database where only the Bee (Apoidea:Anthophila) records are included.&lt;/span&gt;&lt;/p&gt;</para></abstract></collection><collection identifier="d8acfbd7-d638-4da0-9c40-7044f3d315f8" id="18"><alternateIdentifier>https://library.big-bee.net/portal/collections/misc/collprofiles.php?collid=18</alternateIdentifier><parentCollectionIdentifier>CAS</parentCollectionIdentifier><collectionIdentifier>CASTYPE</collectionIdentifier><collectionName>California Academy of Sciences - Type Collection</collectionName><resourceLogoUrl>http://scan-bugs.org/portal/images/collicons/calacademy.png</resourceLogoUrl><onlineUrl></onlineUrl><intellectualRights>http://creativecommons.org/publicdomain/zero/1.0/</intellectualRights><associatedParty><individualName><surName>Grinter</surName><givenName>Chris</givenName></individualName><electronicMailAddress>cgrinter@calacademy.org</electronicMailAddress><positionName>Collection Manager</positionName><userId>https://orcid.org/0000-0002-3769-1664</userId></associatedParty><abstract><para>&lt;p&gt;This collection contains the bee type specimens housed at the California Academy of Sciences.&lt;/p&gt;</para></abstract></collection><collection identifier="7c31499c-466d-4d52-b37d-386e5c837836" id="3"><alternateIdentifier>https://library.big-bee.net/portal/collections/misc/collprofiles.php?collid=3</alternateIdentifier><parentCollectionIdentifier>LACM</parentCollectionIdentifier><collectionIdentifier>ENT</collectionIdentifier><collectionName>Natural History Museum of Los Angeles County</collectionName><resourceLogoUrl>http://scan-bugs.org/portal/content/collicon/lacm-lacmec.png</resourceLogoUrl><onlineUrl>https://nhm.org/research-collections/departments/entomology</onlineUrl><intellectualRights>http://creativecommons.org/publicdomain/zero/1.0/</intellectualRights><additionalInfo>Natural History Museum of Los Angeles County</additionalInfo><associatedParty><individualName><surName>Brown</surName><givenName>Brian</givenName></individualName><electronicMailAddress>bbrown@nhm.org</electronicMailAddress><positionName>Curator</positionName><userId>https://orcid.org/0000-0001-6367-6057</userId></associatedParty><associatedParty><individualName><surName>Kung</surName><givenName>Giar-Ann</givenName></individualName><positionName>Collection Manager</positionName><electronicMailAddress>gkung@nhm.org</electronicMailAddress><userId>https://orcid.org/0000-0002-8099-6949</userId></associatedParty><associatedParty><individualName><surName>Xie</surName><givenName>Weiping</givenName></individualName><positionName>Collection Manager</positionName><electronicMailAddress>wxie@nhm.org</electronicMailAddress></associatedParty><abstract><para>&lt;p&gt;&lt;span style="font-size: 10pt; font-family: Arial;" data-sheets-value="{" data-sheets-userformat="{"&gt;This collection is a snapshot of an external collection database where only the Bee (Apoidea:Anthophila) records are included.&lt;/span&gt;&lt;/p&gt;</para></abstract></collection><collection identifier="d8238326-da86-4d89-acd8-4302f95999d0" id="14"><alternateIdentifier>https://library.big-bee.net/portal/collections/misc/collprofiles.php?collid=14</alternateIdentifier><parentCollectionIdentifier>FSCA</parentCollectionIdentifier><collectionIdentifier>FSCA</collectionIdentifier><collectionName>Florida State Collection of Arthropods</collectionName><onlineUrl></onlineUrl><intellectualRights>http://creativecommons.org/publicdomain/zero/1.0/</intellectualRights><associatedParty><individualName><surName>Talamas</surName><givenName>Elijah</givenName></individualName><electronicMailAddress>Elijah.Talamas@fdacs.gov</electronicMailAddress><positionName>Collection manager</positionName><userId>https://orcid.org/0000-0002-1048-6345</userId></associatedParty><abstract><para>&lt;p&gt;&lt;span style="font-size: 10pt; font-family: Arial;" data-sheets-value="{&amp;quot;1&amp;quot;:2,&amp;quot;2&amp;quot;:&amp;quot;This collection is a snapshot of an external collection database where only the Bee (Apoidea:Anthophila) records are included.&amp;quot;}" data-sheets-userformat="{&amp;quot;2&amp;quot;:513,&amp;quot;3&amp;quot;:{&amp;quot;1&amp;quot;:0},&amp;quot;12&amp;quot;:0}"&gt;This collection is a snapshot of an external collection database where only the Bee (Apoidea:Anthophila) records are included.&lt;/span&gt;&lt;/p&gt;</para></abstract></collection><collection identifier="8e8b936b-d8fd-4950-8134-6f35ff0dcb3c" id="13"><alternateIdentifier>https://library.big-bee.net/portal/collections/misc/collprofiles.php?collid=13</alternateIdentifier><parentCollectionIdentifier>UMMZ</parentCollectionIdentifier><collectionIdentifier>UMMZI</collectionIdentifier><collectionName>University of Michigan Museum of Zoology Division of Insects</collectionName><resourceLogoUrl>https://scan-bugs.org/portal/content/collicon/ummz-ummzi.jpg</resourceLogoUrl><onlineUrl></onlineUrl><intellectualRights>http://creativecommons.org/publicdomain/zero/1.0/</intellectualRights><associatedParty><individualName><surName>Knowles</surName><givenName>L. Lacey</givenName></individualName><electronicMailAddress>knowlesl@umich.edu </electronicMailAddress><userId>https://orcid.org/0000-0002-6567-4853</userId></associatedParty><abstract><para>&lt;p&gt;&lt;span style="font-size: 10pt; font-family: Arial;" data-sheets-value="{" data-sheets-userformat="{"&gt;This collection is a snapshot of an external collection database where only the Bee (Apoidea:Anthophila) records are included.&lt;/span&gt;&lt;/p&gt;</para></abstract></collection><collection identifier="246d9220-e423-4500-a460-c2d68bdf6b69" id="2"><alternateIdentifier>https://library.big-bee.net/portal/collections/misc/collprofiles.php?collid=2</alternateIdentifier><parentCollectionIdentifier>CAS</parentCollectionIdentifier><collectionIdentifier>ENT</collectionIdentifier><collectionName>California Academy of Sciences</collectionName><resourceLogoUrl>http://scan-bugs.org/portal/images/collicons/calacademy.png</resourceLogoUrl><onlineUrl></onlineUrl><intellectualRights>http://creativecommons.org/publicdomain/zero/1.0/</intellectualRights><associatedParty><individualName><surName>Grinter</surName><givenName>Christopher</givenName></individualName><electronicMailAddress>cgrinter@calacademy.org</electronicMailAddress><positionName>Collection Manager</positionName><userId>https://orcid.org/0000-0002-3769-1664</userId></associatedParty><abstract><para>&lt;p&gt;&lt;span style="font-size: 10pt; font-family: Arial;" data-sheets-value="{" data-sheets-userformat="{"&gt;This collection is a snapshot of an external collection database where only the Bee (Apoidea:Anthophila) records are included.&lt;/span&gt;&lt;/p&gt;</para></abstract></collection><collection identifier="e6f98281-6e4d-48c4-9c29-e8bfbeeb7cdf" id="23"><alternateIdentifier>https://library.big-bee.net/portal/collections/misc/collprofiles.php?collid=23</alternateIdentifier><parentCollectionIdentifier>UCSB</parentCollectionIdentifier><collectionIdentifier>External</collectionIdentifier><collectionName>Material examined collection</collectionName><onlineUrl></onlineUrl><intellectualRights>http://creativecommons.org/publicdomain/zero/1.0/</intellectualRights><associatedParty><individualName><surName>Seltmann</surName><givenName>Katja</givenName></individualName><electronicMailAddress></electronicMailAddress></associatedParty><abstract><para>&lt;p&gt;This is a collection of specimens and images from many institutions.&lt;/p&gt;</para></abstract></collection><collection identifier="46da7109-a045-450b-ad55-f7ba692014fa" id="21"><alternateIdentifier>https://library.big-bee.net/portal/collections/misc/collprofiles.php?collid=21</alternateIdentifier><parentCollectionIdentifier>UCSB</parentCollectionIdentifier><collectionIdentifier>Smith</collectionIdentifier><collectionName>The Bees they are a Changin project</collectionName><onlineUrl></onlineUrl><intellectualRights>http://creativecommons.org/publicdomain/zero/1.0/</intellectualRights><associatedParty><individualName><surName>Smith</surName><givenName>Colleen</givenName></individualName><electronicMailAddress></electronicMailAddress></associatedParty><abstract><para>&lt;p&gt;This collection is an aggregate research collection for examining how bee body size is responding to climate change. There will be duplicate records with other portals: UCSB's collection, the AMNH collection and the LACM collection.&lt;/p&gt;</para></abstract></collection></symbiota></metadata></additionalMetadata></eml:eml>
